{
  "tests": [
    {
      "name": "Test Refactored run 1",
      "setup": "javac TestRefactored.java",
      "run": "java TestRefactored > tr-test1.txt ; cat tr-test1.txt",
      "input": "",
      "output": "(0[.][0-9][0-9]|X[012]) ([/*+]|-) (0[.][0-9][0-9]|X[012]).* = -?[0-9]+[.][0-9][0-9]$",
      "comparison": "regex",
      "timeout": 10,
      "points": 1
    },
    {
      "name": "Test Refactored run 2",
      "setup": "javac TestRefactored.java",
      "run": "java TestRefactored > tr-test2.txt ; cat tr-test2.txt",
      "input": "",
      "output": "(0[.][0-9][0-9]|X[012]) ([/*+]|-) (0[.][0-9][0-9]|X[012]).* = -?[0-9]+[.][0-9][0-9]$",
      "comparison": "regex",
      "timeout": 10,
      "points": 1
    },
    {
      "name": "Test run1 different from  run 2",
      "setup": "",
      "run": "echo `diff -q tr-test1.txt tr-test2.txt`",
      "input": "",
      "output": "differ",
      "comparison": "included",
      "timeout": 10,
      "points": 1
    }
    
    
  ]
}
